/* movie */
INSERT INTO movie (ID, TITLE) VALUES (1, 'Titanic');
INSERT INTO movie (ID, TITLE) VALUES (2, 'Indiana Jones');
INSERT INTO movie (ID, TITLE) VALUES (3, 'Avengers');

/* screening room */
INSERT INTO screening_room (ROOM_NUMBER) VALUES (1);
INSERT INTO screening_room (ROOM_NUMBER) VALUES (2);
INSERT INTO screening_room (ROOM_NUMBER) VALUES (3);

/* screening */
INSERT INTO screening (ID, DATE, START_TIME, SCREENING_ROOM_ID, MOVIE_ID) VALUES (1, '2021-09-17', '11:00:00', 3, 2);
INSERT INTO screening (ID, DATE, START_TIME, SCREENING_ROOM_ID, MOVIE_ID) VALUES (2, '2021-10-20', '19:30:00', 3, 1);
INSERT INTO screening (ID, DATE, START_TIME, SCREENING_ROOM_ID, MOVIE_ID) VALUES (3, '2021-10-19', '12:00:00', 2, 1);
INSERT INTO screening (ID, DATE, START_TIME, SCREENING_ROOM_ID, MOVIE_ID) VALUES (4, '2021-10-20', '12:00:00', 2, 3);
INSERT INTO screening (ID, DATE, START_TIME, SCREENING_ROOM_ID, MOVIE_ID) VALUES (5, '2021-10-20', '10:00:00', 1, 3);
INSERT INTO screening (ID, DATE, START_TIME, SCREENING_ROOM_ID, MOVIE_ID) VALUES (6, '2021-10-20', '09:30:00', 1, 2);

/* seat */
INSERT INTO seat (ID, ROW_NUMBER, SEAT_NUMBER, AVAILABILITY, SCREENING_ROOM_ID) VALUES (1, 1, 1, TRUE, 1);
INSERT INTO seat (ID, ROW_NUMBER, SEAT_NUMBER, AVAILABILITY, SCREENING_ROOM_ID) VALUES (2, 1, 2, TRUE, 1);
INSERT INTO seat (ID, ROW_NUMBER, SEAT_NUMBER, AVAILABILITY, SCREENING_ROOM_ID) VALUES (3, 1, 3, TRUE, 1);
INSERT INTO seat (ID, ROW_NUMBER, SEAT_NUMBER, AVAILABILITY, SCREENING_ROOM_ID) VALUES (4, 1, 4, TRUE, 1);
INSERT INTO seat (ID, ROW_NUMBER, SEAT_NUMBER, AVAILABILITY, SCREENING_ROOM_ID) VALUES (5, 1, 5, TRUE, 1);

INSERT INTO seat (ID, ROW_NUMBER, SEAT_NUMBER, AVAILABILITY, SCREENING_ROOM_ID) VALUES (6, 2, 1, TRUE, 1);
INSERT INTO seat (ID, ROW_NUMBER, SEAT_NUMBER, AVAILABILITY, SCREENING_ROOM_ID) VALUES (7, 2, 2, TRUE, 1);
INSERT INTO seat (ID, ROW_NUMBER, SEAT_NUMBER, AVAILABILITY, SCREENING_ROOM_ID) VALUES (8, 2, 3, TRUE, 1);
INSERT INTO seat (ID, ROW_NUMBER, SEAT_NUMBER, AVAILABILITY, SCREENING_ROOM_ID) VALUES (9, 2, 4, TRUE, 1);
INSERT INTO seat (ID, ROW_NUMBER, SEAT_NUMBER, AVAILABILITY, SCREENING_ROOM_ID) VALUES (10, 2, 5, TRUE, 1);

INSERT INTO seat (ID, ROW_NUMBER, SEAT_NUMBER, AVAILABILITY, SCREENING_ROOM_ID) VALUES (11, 3, 1, TRUE, 1);
INSERT INTO seat (ID, ROW_NUMBER, SEAT_NUMBER, AVAILABILITY, SCREENING_ROOM_ID) VALUES (12, 3, 2, TRUE, 1);
INSERT INTO seat (ID, ROW_NUMBER, SEAT_NUMBER, AVAILABILITY, SCREENING_ROOM_ID) VALUES (13, 3, 3, TRUE, 1);
INSERT INTO seat (ID, ROW_NUMBER, SEAT_NUMBER, AVAILABILITY, SCREENING_ROOM_ID) VALUES (14, 3, 4, TRUE, 1);
INSERT INTO seat (ID, ROW_NUMBER, SEAT_NUMBER, AVAILABILITY, SCREENING_ROOM_ID) VALUES (15, 3, 5, TRUE, 1);


INSERT INTO seat (ID, ROW_NUMBER, SEAT_NUMBER, AVAILABILITY, SCREENING_ROOM_ID) VALUES (16, 1, 1, TRUE, 2);
INSERT INTO seat (ID, ROW_NUMBER, SEAT_NUMBER, AVAILABILITY, SCREENING_ROOM_ID) VALUES (17, 1, 2, TRUE, 2);
INSERT INTO seat (ID, ROW_NUMBER, SEAT_NUMBER, AVAILABILITY, SCREENING_ROOM_ID) VALUES (18, 1, 3, TRUE, 2);
INSERT INTO seat (ID, ROW_NUMBER, SEAT_NUMBER, AVAILABILITY, SCREENING_ROOM_ID) VALUES (19, 1, 4, TRUE, 2);
INSERT INTO seat (ID, ROW_NUMBER, SEAT_NUMBER, AVAILABILITY, SCREENING_ROOM_ID) VALUES (20, 1, 5, TRUE, 2);

INSERT INTO seat (ID, ROW_NUMBER, SEAT_NUMBER, AVAILABILITY, SCREENING_ROOM_ID) VALUES (21, 2, 1, TRUE, 2);
INSERT INTO seat (ID, ROW_NUMBER, SEAT_NUMBER, AVAILABILITY, SCREENING_ROOM_ID) VALUES (22, 2, 2, TRUE, 2);
INSERT INTO seat (ID, ROW_NUMBER, SEAT_NUMBER, AVAILABILITY, SCREENING_ROOM_ID) VALUES (23, 2, 3, TRUE, 2);
INSERT INTO seat (ID, ROW_NUMBER, SEAT_NUMBER, AVAILABILITY, SCREENING_ROOM_ID) VALUES (24, 2, 4, TRUE, 2);
INSERT INTO seat (ID, ROW_NUMBER, SEAT_NUMBER, AVAILABILITY, SCREENING_ROOM_ID) VALUES (25, 2, 5, TRUE, 2);

INSERT INTO seat (ID, ROW_NUMBER, SEAT_NUMBER, AVAILABILITY, SCREENING_ROOM_ID) VALUES (26, 3, 1, TRUE, 2);
INSERT INTO seat (ID, ROW_NUMBER, SEAT_NUMBER, AVAILABILITY, SCREENING_ROOM_ID) VALUES (27, 3, 2, TRUE, 2);
INSERT INTO seat (ID, ROW_NUMBER, SEAT_NUMBER, AVAILABILITY, SCREENING_ROOM_ID) VALUES (28, 3, 3, TRUE, 2);
INSERT INTO seat (ID, ROW_NUMBER, SEAT_NUMBER, AVAILABILITY, SCREENING_ROOM_ID) VALUES (29, 3, 4, TRUE, 2);
INSERT INTO seat (ID, ROW_NUMBER, SEAT_NUMBER, AVAILABILITY, SCREENING_ROOM_ID) VALUES (30, 3, 5, TRUE, 2);


INSERT INTO seat (ID, ROW_NUMBER, SEAT_NUMBER, AVAILABILITY, SCREENING_ROOM_ID) VALUES (31, 1, 1, TRUE, 3);
INSERT INTO seat (ID, ROW_NUMBER, SEAT_NUMBER, AVAILABILITY, SCREENING_ROOM_ID) VALUES (32, 1, 2, TRUE, 3);
INSERT INTO seat (ID, ROW_NUMBER, SEAT_NUMBER, AVAILABILITY, SCREENING_ROOM_ID) VALUES (33, 1, 3, TRUE, 3);
INSERT INTO seat (ID, ROW_NUMBER, SEAT_NUMBER, AVAILABILITY, SCREENING_ROOM_ID) VALUES (34, 1, 4, TRUE, 3);
INSERT INTO seat (ID, ROW_NUMBER, SEAT_NUMBER, AVAILABILITY, SCREENING_ROOM_ID) VALUES (35, 1, 5, TRUE, 3);

INSERT INTO seat (ID, ROW_NUMBER, SEAT_NUMBER, AVAILABILITY, SCREENING_ROOM_ID) VALUES (36, 2, 1, TRUE, 3);
INSERT INTO seat (ID, ROW_NUMBER, SEAT_NUMBER, AVAILABILITY, SCREENING_ROOM_ID) VALUES (37, 2, 2, TRUE, 3);
INSERT INTO seat (ID, ROW_NUMBER, SEAT_NUMBER, AVAILABILITY, SCREENING_ROOM_ID) VALUES (38, 2, 3, TRUE, 3);
INSERT INTO seat (ID, ROW_NUMBER, SEAT_NUMBER, AVAILABILITY, SCREENING_ROOM_ID) VALUES (39, 2, 4, TRUE, 3);
INSERT INTO seat (ID, ROW_NUMBER, SEAT_NUMBER, AVAILABILITY, SCREENING_ROOM_ID) VALUES (40, 2, 5, TRUE, 3);

INSERT INTO seat (ID, ROW_NUMBER, SEAT_NUMBER, AVAILABILITY, SCREENING_ROOM_ID) VALUES (41, 3, 1, TRUE, 3);
INSERT INTO seat (ID, ROW_NUMBER, SEAT_NUMBER, AVAILABILITY, SCREENING_ROOM_ID) VALUES (42, 3, 2, TRUE, 3);
INSERT INTO seat (ID, ROW_NUMBER, SEAT_NUMBER, AVAILABILITY, SCREENING_ROOM_ID) VALUES (43, 3, 3, TRUE, 3);
INSERT INTO seat (ID, ROW_NUMBER, SEAT_NUMBER, AVAILABILITY, SCREENING_ROOM_ID) VALUES (44, 3, 4, TRUE, 3);
INSERT INTO seat (ID, ROW_NUMBER, SEAT_NUMBER, AVAILABILITY, SCREENING_ROOM_ID) VALUES (45, 3, 5, TRUE, 3);